keyword,intent,est_monthly_volume_india,difficulty,post_owner,notes
creative thinking activities for kids in india,parent-teacher,~5000,low,seed,practical activities post
how to develop critical thinking in students india,teacher,~3200,medium,seed,teacher training angle
NEP 2020 problems,parent-policy,~2400,medium,seed,honest critique not takedown
Indian school system flaws,parent,~4800,low,seed,evidence-first
how does AI affect creativity,student-adult,~2900,high,seed,already have seed post on this
innovation examples in india 2026,student,~2100,low,seed,list format ok if annotated
why Indian students memorize,teacher-parent,~1500,low,seed,root-cause analysis
atal tinkering lab success stories,teacher-policy,~800,low,seed,under-covered
STEM education India,parent-founder,~9000,high,q3,long-tail battles
problem-based learning schools india,teacher,~600,low,seed,list of schools doing it
what is design thinking for kids,parent,~1900,medium,seed,step-by-step piece
how to raise a curious child,parent,~4500,medium,seed,evergreen
teaching kids first principles thinking,parent-teacher,~700,low,seed,methods tag
open-ended questions to ask children,parent,~1400,low,seed,practical
Indian inventors students should know,teacher-student,~1100,low,seed,history tag
how to encourage divergent thinking,teacher,~900,low,seed,methods tag
why creativity matters in the age of AI,adult,~800,medium,seed,ai + creative-thinking
Indian public school problems,parent-policy,~3800,medium,seed,contrasts with private
grade inflation Indian schools,parent,~500,low,seed,contrarian
maker education India,teacher-founder,~600,low,seed,ecosystem post
girls in STEM India,policy-parent,~2200,medium,seed,evidence-first
schools that are doing it differently india,parent,~1800,low,seed,curated list
teacher training NEP,teacher,~1200,medium,seed,honest assessment
how to teach entrepreneurship in schools,teacher,~1500,medium,seed,practical
what is 21st century skill in education,teacher-policy,~1800,medium,seed,definitional
